,precision,recall,f1-score,support
0,0.9977827050997783,1.0,0.9988901220865705,1350.0
1,1.0,0.75,0.8571428571428571,12.0
accuracy,0.9977973568281938,0.9977973568281938,0.9977973568281938,0.9977973568281938
macro avg,0.9988913525498891,0.875,0.9280164896147138,1362.0
weighted avg,0.9978022407376657,0.9977973568281938,0.9976412475055685,1362.0
