Predicted_Probability,Observed_Frequency
0.00045904219970421383,0.0014803849000740192
0.16429000596205393,0.3333333333333333
0.2742548882961273,1.0
0.7496465444564819,1.0
0.9981937152998788,1.0
