predicted_probability,actual_probability
0.00015009750183979392,0.002952029520295203
0.17948561400013227,1.0
0.9999858116424614,1.0
